#Symbol;System Date;Change;IsinCode;Country;Mnemo;Name;MIC;Divisor;t-1 IV;t0 IV;t0 IV unround;Mkt Cap;Nr of components;Curr;FX;ISIN Underlying Price Index;ISIN Gross Return version;ISIN Net Return version;Effect Gross Total Return;Effect Net Total Return ;Stocks Effect Index;Dividend Currency Type;Calculation Type;Index Type;Return Method;Return Value;Number Of Days;Yearly Days;Dead Flag;Rate Name
QS0011256193;10-01-2025;;QS0011256193;NL;ENVG;Euronext Sustainable US 50 GR;XAMS;;5388.61;5318.35;5318.35363878;;;;;QS0011256169;;;.88977774930526;;US00206R1023;WM ;TR1;Indices;;;;;0;
QS0011256185;10-01-2025;;QS0011256185;NL;ENVN;Euronext Sustainable US 50 NR;XAMS;;4846.79;4783.25;4783.25283372;;;;;QS0011256169;;;;.62284442450655;US00206R1023;WM ;TR1;Indices;;;;;0;
QS0011256169;10-01-2025;;QS0011256169;NL;ENVU;Euronext Sustainable US 50;XAMS;840.550907981191;3760.56;3710.64;3710.63944553;3118981.3551305;50;USD;1;;QS0011256193;QS0011256185;;;;WM ;EU Price;Indices;;;;;0;
QS0011250865;10-01-2025;;QS0011250865;NL;ENVWG;Euronext Sustainable World 120 GR;XAMS;;2867.09;2833.74;2833.74232769;;;;;QS0011250840;;;.31508796520781;;ES0144580Y14;WM ;TR1;Indices;;;;;0;
QS0011250857;10-01-2025;;QS0011250857;NL;ENVWN;Euronext Sustainable World 120 NR;XAMS;;2585.02;2554.87;2554.86679453;;;;;QS0011250840;;;;.25522125181588;ES0144580Y14;WM ;TR1;Indices;;;;;0;
QS0011250840;10-01-2025;;QS0011250840;NL;ENVW;Euronext Sustainable World 120;XAMS;859.730308110439;1811.76;1790.37;1790.37127653;1539236.44920353;120;USD;1;;QS0011250865;QS0011250857;;;;WM ;EU Price;Indices;;;;;0;
NL0015436130;10-01-2025;;NL0015436130;NL;NA5GR;Euronext North America 500 GR;XAMS;;7770.63;7689.64;7689.63996311;;;;;NL0015436114;;;.84493966397484;;CA25675T1075 CA8911605092 US00206R1023 US2371941053 US3703341046 US4612021034 US5738741041 US57636Q1040 US68389X1054 US7433151039 US92343V1044;ECB;TR1;Indices;;;;;0;
NL0015436122;10-01-2025;;NL0015436122;NL;NA5NR;Euronext North America 500 NR;XAMS;;6932.40;6859.82;6859.82043381;;;;;NL0015436114;;;;.59802113022429;CA25675T1075 CA8911605092 US00206R1023 US2371941053 US3703341046 US4612021034 US5738741041 US57636Q1040 US68389X1054 US7433151039 US92343V1044;ECB;TR1;Indices;;;;;0;
NL0015436114;10-01-2025;;NL0015436114;NL;NA500;Euronext North America 500;XAMS;9559687274.88685;5252.65;5197.06;5197.05829348;49682252034993.283417;500;EUR;1;;NL0015436130;NL0015436122;;;;ECB;EU Price;Indices;;;;;0;
NL0015000I97;10-01-2025;;NL0015000I97;NL;ENWG;Euronext World GR;XAMS;;5451.55;5400.45;5400.44575112;;;;;NL0015000IB0;;;.5081663807233;;CA25675T1075 CA8911605092 ES0144580Y14 ES0173516115 US00206R1023 US2371941053 US3703341046 US4612021034 US5738741041 US57636Q1040 US68389X1054 US7433151039 US92343V1044;ECB;TR1;Indices;;;;;0;
NL0015000I89;10-01-2025;;NL0015000I89;NL;ENDMP;Euronext Developed Market;XAMS;19635379673.1234;3423.24;3390.65;3390.65413101;66576781202614.864504;1548;EUR;1;;NL0015000I63;NL0015000I71;;;;ECB;EU Price;Indices;;;;;0;
NL0015000I71;10-01-2025;;NL0015000I71;NL;ENDMN;Euronext Developed Market NR;XAMS;;4886.07;4840.09;4840.08666954;;;;;NL0015000I89;;;;.36880527519312;CA25675T1075 CA8911605092 ES0144580Y14 ES0173516115 US00206R1023 US2371941053 US3703341046 US4612021034 US5738741041 US57636Q1040 US68389X1054 US7433151039 US92343V1044;ECB;TR1;Indices;;;;;0;
NL0015000I63;10-01-2025;;NL0015000I63;NL;ENDMG;Euronext Developed Market GR;XAMS;;5451.51;5400.42;5400.42471677;;;;;NL0015000I89;;;.50723489957672;;CA25675T1075 CA8911605092 ES0144580Y14 ES0173516115 US00206R1023 US2371941053 US3703341046 US4612021034 US5738741041 US57636Q1040 US68389X1054 US7433151039 US92343V1044;ECB;TR1;Indices;;;;;0;
NL0015000IB0;10-01-2025;;NL0015000IB0;NL;ENWP;Euronext World;XAMS;19599387551.9103;3423.94;3391.34;3391.34173315;66468220948997.724384;1500;EUR;1;;NL0015000I97;NL0015000IA2;;;;ECB;EU Price;Indices;;;;;0;
NL0015000IA2;10-01-2025;;NL0015000IA2;NL;ENWN;Euronext World NR;XAMS;;4886.38;4840.38;4840.37785324;;;;;NL0015000IB0;;;;.36948254554831;CA25675T1075 CA8911605092 ES0144580Y14 ES0173516115 US00206R1023 US2371941053 US3703341046 US4612021034 US5738741041 US57636Q1040 US68389X1054 US7433151039 US92343V1044;ECB;TR1;Indices;;;;;0;
NL0015000E91;10-01-2025;;NL0015000E91;FR;EWCSP;Euronext World Country selection;XPAR;15466536119.5281;3842.25;3804.47;3804.46615888;58841913261821.533484;1094;EUR;1;;NL0015000E75;NL0015000EB9;;;;ECB;EU Price;Indices;;;;;0;
NL0015000E75;10-01-2025;;NL0015000E75;FR;EWCSG;Euronext World Country selection GR;XPAR;;5918.75;5861.34;5861.34409274;;;;;NL0015000E91;;;.52224744385713;;CA25675T1075 CA8911605092 US00206R1023 US2371941053 US3703341046 US4612021034 US5738741041 US57636Q1040 US68389X1054 US7433151039 US92343V1044;ECB;TR1;Indices;;;;;0;
NL0015000EG8;10-01-2025;;NL0015000EG8;FR;EVEWN;Euronext ESG World-Select 75 Bund/SV NR;XPAR;;5808.00;5732.57;5732.56947574;;;;;NL0015000ED5;;;;.83822831187741;US00206R1023 US4612021034 US68389X1054 US92343V1044;ECB;TR1;Indices;;;;;0;
NL0015000ED5;10-01-2025;;NL0015000ED5;FR;EVEWP;Euronext ESG World-Select 75 Bund/SV;XPAR;350719.320882346;4324.13;4267.14;4267.14027734;1496568540.17991835;75;EUR;1;;NL0015000EA1;NL0015000EG8;;;;ECB;EU Price;Indices;;;;;0;
NL0015000EB9;10-01-2025;;NL0015000EB9;FR;EWCSN;Euronext World Country selection NR;XPAR;;5332.32;5280.39;5280.3908075;;;;;NL0015000E91;;;;.36962995104641;CA25675T1075 CA8911605092 US00206R1023 US2371941053 US3703341046 US4612021034 US5738741041 US57636Q1040 US68389X1054 US7433151039 US92343V1044;ECB;TR1;Indices;;;;;0;
NL0015000EA1;10-01-2025;;NL0015000EA1;FR;EVEWG;Euronext ESG World-Select 75 Bund/SV GR;XPAR;;6450.39;6367.15;6367.15456909;;;;;NL0015000ED5;;;1.19746901696778;;US00206R1023 US4612021034 US68389X1054 US92343V1044;ECB;TR1;Indices;;;;;0;
NL0015000BX9;10-01-2025;;NL0015000BX9;FR;ETE5P;EN Transatlantic Environment 50;XPAR;348227838.360085;5536.02;5471.22;5471.21904187;1905230780144.1115605;50;EUR;1;;NL0015000BV3;NL0015000BQ3;;;;ECB;EU Price;Indices;;;;;0;
NL0015000BW1;10-01-2025;;NL0015000BW1;FR;ETE5D;EN Transatlantic Environment 50 D5%;XPAR;;3463.53;3423.37;3423.37191408;;;;;NL0015000BQ3;;;;;;ECB;TR4 Dividend Return;Indices;Percentage;.05;1;365;0;
NL0015000BV3;10-01-2025;;NL0015000BV3;FR;ETE5G;EN Transatlantic Environment 50 GR;XPAR;;8135.88;8043.53;8043.52774249;;;;;NL0015000BX9;;;1.95498511799785;;US00206R1023 US68389X1054 US92343V1044;ECB;TR1;Indices;;;;;0;
NL0015000BQ3;10-01-2025;;NL0015000BQ3;FR;ETEGN;EN Transatlantic Environment 50 NR;XPAR;;7343.05;7258.92;7258.91556503;;;;;NL0015000BX9;;;;1.36848958259849;US00206R1023 US68389X1054 US92343V1044;ECB;TR1;Indices;;;;;0;
NL0015000A95;10-01-2025;;NL0015000A95;FR;EUED5;Euronext US ESGL 20 EW Decrement 5%;XPAR;;1547.18;1516.47;1516.47374098;;;;;NL0015000A79;;;;;;ECB;TR4 Dividend Return;Indices;Percentage;.05;1;365;0;
NL0015000A87;10-01-2025;;NL0015000A87;FR;EUEGR;Euronext US ESGL 20 EW GR;XPAR;;4596.62;4507.36;4507.35612735;;;;;NL0015000A61;;;2.7838929846298;;US68389X1054 US92343V1044;WM ;TR1;Indices;;;;;0;
NL0015000A79;10-01-2025;;NL0015000A79;FR;EUENR;Euronext US ESGL 20 EW NR;XPAR;;4008.78;3929.77;3929.77113613;;;;;NL0015000A61;;;;1.94872508924086;US68389X1054 US92343V1044;WM ;TR1;Indices;;;;;0;
NL0015000A61;10-01-2025;;NL0015000A61;FR;EUEPR;Euronext US ESGL 20 EW;XPAR;1019370.02631492;2884.17;2825.38;2825.37808205;2880105729.85;20;USD;1;;NL0015000A87;NL0015000A79;;;;WM ;EU Price;Indices;;;;;0;
NL0013941016;10-01-2025;;NL0013941016;FR;WLESG;EN CDP Environment ESG World EW D5%;XPAR;;1629.90;1610.19;1610.19455354;;;;;NL0013940992;;;;;;ECB;TR4 Dividend Return;Indices;Percentage;.05;1;365;0;
NL0013941008;10-01-2025;;NL0013941008;FR;WESGG;EN CDP Environment ESG World EW GR;XPAR;;4808.19;4750.77;4750.76786519;;;;;NL0013940984;;;.10113742653648;;US57636Q1040;ECB;TR1;Indices;;;;;0;
NL0013940992;10-01-2025;;NL0013940992;FR;WESGN;EN CDP Environment ESG World EW NR;XPAR;;4223.39;4172.9;4172.90235511;;;;;NL0013940984;;;;.07079619857553;US57636Q1040;ECB;TR1;Indices;;;;;0;
NL0013940984;10-01-2025;;NL0013940984;FR;WESGP;EN CDP Environment ESG World EW;XPAR;1003453.79915969;2762.56;2729.47;2729.47194193;2738898989.82652133;40;EUR;1;;NL0013941008;NL0013940992;;;;ECB;EU Price;Indices;;;;;0;
NL0013908809;10-01-2025;;NL0013908809;FR;ESGTL;EN Transatlantic ESG Leaders 60 EW D 5%;XPAR;;1621.69;1604.59;1604.59148401;;;;;NL0013908783;;;;;;ECB;TR4 Dividend Return;Indices;Percentage;.05;1;365;0;
NL0013908791;10-01-2025;;NL0013908791;FR;ESGTG;EN Transatlantic ESG Leaders 60 EW GR;XPAR;;4887.95;4837.81;4837.81146215;;;;;NL0013908775;;;1.64829777044063;;ES0144580Y14 US68389X1054 US92343V1044;ECB;TR1;Indices;;;;;0;
NL0013908783;10-01-2025;;NL0013908783;FR;ESGTN;EN Transatlantic ESG Leaders 60 EW NR;XPAR;;4202.04;4158.3;4158.30074019;;;;;NL0013908775;;;;1.23996583592345;ES0144580Y14 US68389X1054 US92343V1044;ECB;TR1;Indices;;;;;0;
NL0013908775;10-01-2025;;NL0013908775;FR;ESGTP;EN Transatlantic ESG Leaders 60 EW;XPAR;1018495.18959027;2709.25;2679.81;2679.81277882;2729376424.23423431;60;EUR;1;;NL0013908791;NL0013908783;;;;ECB;EU Price;Indices;;;;;0;
NL0013352636;10-01-2025;;NL0013352636;NL;WLENV;Euronext CDP Environment World EW D5%;XAMS;;1823.96;1800.46;1800.46365744;;;;;NL0013352610;;;;;;ECB;TR4 Dividend Return;Indices;Percentage;.05;1;365;0;
NL0013352628;10-01-2025;;NL0013352628;NL;WLENG;Euronext CDP Environment World EW GR;XAMS;;5388.96;5320.34;5320.3445867;;;;;NL0013352602;;;.11296089798797;;US57636Q1040;ECB;TR1;Indices;;;;;0;
NL0013352610;10-01-2025;;NL0013352610;NL;WLENN;Euronext CDP Environment World EW NR;XAMS;;4726.12;4665.89;4665.88569372;;;;;NL0013352602;;;;.07907262859158;US57636Q1040;ECB;TR1;Indices;;;;;0;
NL0013352602;10-01-2025;;NL0013352602;NL;WLENP;Euronext CDP Environment World EW;XAMS;1016263.00734949;3087.34;3047.92;3047.91754486;3097485850.2876834;40;EUR;1;;NL0013352628;NL0013352610;;;;ECB;EU Price;Indices;;;;;0;
NL0013216492;10-01-2025;;NL0013216492;NL;EUS5D;EN Transatlantic 50 EW D5%;XAMS;;1421.55;1410;1410.00106201;;;;;NL0013216476;;;;;;ECB;TR4 Dividend Return;Indices;Percentage;.05;1;365;0;
NL0013216484;10-01-2025;;NL0013216484;NL;EUS5G;EN Transatlantic 50 EW GR;XAMS;;4313.00;4278.84;4278.84008971;;;;;NL0013216468;;;.80310926572147;;ES0144580Y14;ECB;TR1;Indices;;;;;0;
NL0013216476;10-01-2025;;NL0013216476;NL;EUS5N;EN Transatlantic 50 EW NR;XAMS;;3683.39;3653.98;3653.98111971;;;;;NL0013216468;;;;.65051850523439;ES0144580Y14;ECB;TR1;Indices;;;;;0;
NL0013216468;10-01-2025;;NL0013216468;NL;EUS5P;EN Transatlantic 50 EW;XAMS;1002821.81812022;2316.18;2297.04;2297.03777726;2303519600.07948539;50;EUR;1;;NL0013216484;NL0013216476;;;;ECB;EU Price;Indices;;;;;0;
NL0012939078;10-01-2025;;NL0012939078;NL;ERGSD;EN RM Global Sustainable Decrement;XAMS;;1069.71;1062.08;1062.08276741;;;;;NL0012939060;;;;;;ECB;TR4 Dividend Return;Indices;Percentage;.05;1;365;0;
NL0012939060;10-01-2025;;NL0012939060;NL;ERGSN;EN RM Global Sustainable NR;XAMS;;2769.46;2750.09;2750.09173066;;;;;NL0012838809;;;;0;;ECB;TR1;Indices;;;;;0;
NL0012838809;10-01-2025;;NL0012838809;NL;ERGSP;EN RM Global Sustainable;XAMS;1101546.65333509;1261.01;1252.19;1252.19029939;1379346033.63393672;30;EUR;1;;;NL0012939060;;;;ECB;EU Price;Indices;;;;;0;
NL0012645253;10-01-2025;;NL0012645253;NL;ERGBD;EN Reitsmarket Global Balanced DECR;XAMS;;1198.32;1188.49;1188.49355994;;;;;NL0012645246;;;;;;ECB;TR4 Dividend Return;Indices;Percentage;.0475;1;365;0;
NL0012645246;10-01-2025;;NL0012645246;NL;ERGBN;Euronext Reitsmarket Global Balanced NR;XAMS;;2958.97;2935.1;2935.09957626;;;;;NL0012645238;;;;0;;ECB;TR1;Indices;;;;;0;
NL0012645238;10-01-2025;;NL0012645238;NL;ERGBP;Euronext Reitsmarket Global Balanced;XAMS;229046928.736266;1409.98;1398.6;1398.60001716;320345038462.02362233;40;EUR;1;;;NL0012645246;;;;ECB;EU Price;Indices;;;;;0;
NL0012645220;10-01-2025;;NL0012645220;NL;ERGCD;EN Reitsmarket Global Conviction DECR;XAMS;;1222.26;1214.27;1214.26808577;;;;;NL0012645212;;;;;;ECB;TR4 Dividend Return;Indices;Percentage;.0475;1;365;0;
NL0012645212;10-01-2025;;NL0012645212;NL;ERGCN;EN Reitsmarket Global Conviction NR;XAMS;;3017.92;2998.59;2998.5896655;;;;;NL0012645204;;;;0;;ECB;TR1;Indices;;;;;0;
NL0012645204;10-01-2025;;NL0012645204;NL;ERGCP;EN Reitsmarket Global Conviction;XAMS;136732224.606953;1447.57;1438.3;1438.30088337;196662079437.50685642;30;EUR;1;;;NL0012645212;;;;ECB;EU Price;Indices;;;;;0;
NLIX00005362;10-01-2025;;NLIX00005362;NL;GIC50;EN Global Industry Champions 30 D50P;XAMS;;865.41;861.83;861.83013869;;;;;NLIX00005347;;;;;;ECB;TR4 Dividend Return;Indices;Points;50;1;365;0;
NLIX00005354;10-01-2025;;NLIX00005354;NL;GICD5;EN Global Industry Champions 30 D5%;XAMS;;5208.09;5186.64;5186.6371571;;;;;NLIX00005339;;;;;;ECB;TR4 Dividend Return;Indices;Percentage;.05;1;365;0;
NLIX00005347;10-01-2025;;NLIX00005347;NL;GICG;EN Global Industry Champions 30 GR;XAMS;;15142.00;15081.73;15081.7325532;;;;;NLIX00005321;;;.08986180197583;;US68389X1054;ECB;TR1;Indices;;;;;0;
NLIX00005339;10-01-2025;;NLIX00005339;NL;GICN;EN Global Industry Champions 30 NR;XAMS;;13546.20;13492.24;13492.24118858;;;;;NLIX00005321;;;;.06290326138308;US68389X1054;ECB;TR1;Indices;;;;;0;
NLIX00005321;10-01-2025;;NLIX00005321;NL;GICP;EN Global Industry Champions 30;XAMS;1966366567.69713;9989.05;9949.2;9949.20400135;19563782123450.700894;30;EUR;1;;NLIX00005347;NLIX00005339;;;;ECB;EU Price;Indices;;;;;0;
NLIX00005222;10-01-2025;;NLIX00005222;NL;UUTIG;Euronext US Utilities GR;XAMS;;5967.43;5970.35;5970.34707162;;;;;NLIX00005206;;;0;;;ECB;TR1;Indices;;;;;0;
NLIX00005214;10-01-2025;;NLIX00005214;NL;UUTIN;Euronext US Utilities NR;XAMS;;5123.22;5125.73;5125.72536707;;;;;NLIX00005206;;;;0;;ECB;TR1;Indices;;;;;0;
NLIX00005206;10-01-2025;;NLIX00005206;NL;UUTI;Euronext US Utilities PR;XAMS;334263980.658998;3583.21;3584.97;3584.96596887;1198324995280.6058603;29;EUR;1;;NLIX00005222;NLIX00005214;;;;ECB;EU Price;Indices;;;;;0;
NLIX00005198;10-01-2025;;NLIX00005198;NL;UBMAG;Euronext US Basic Mat GR;XAMS;;4417.69;4408.79;4408.79203241;;;;;NLIX00005172;;;0;;;ECB;TR1;Indices;;;;;0;
NLIX00005180;10-01-2025;;NLIX00005180;NL;UBMAN;Euronext US Basic Mat NR;XAMS;;3994.64;3986.6;3986.60150064;;;;;NLIX00005172;;;;0;;ECB;TR1;Indices;;;;;0;
NLIX00005172;10-01-2025;;NLIX00005172;NL;UBMA;Euronext US Basic Mat PR;XAMS;151642024.352419;3071.73;3065.55;3065.54614219;464865622747.16274018;12;EUR;1;;NLIX00005198;NLIX00005180;;;;ECB;EU Price;Indices;;;;;0;
NLIX00005164;10-01-2025;;NLIX00005164;NL;UHECG;Euronext US Health Care GR;XAMS;;8100.69;8095.3;8095.2992408;;;;;NLIX00005149;;;0;;;ECB;TR1;Indices;;;;;0;
NLIX00005156;10-01-2025;;NLIX00005156;NL;UHECN;Euronext US Health Care NR;XAMS;;7502.03;7497.04;7497.03631162;;;;;NLIX00005149;;;;0;;ECB;TR1;Indices;;;;;0;
NLIX00005149;10-01-2025;;NLIX00005149;NL;UHEC;Euronext US Health Care PR;XAMS;767096787.068354;6244.52;6240.36;6240.36494247;4786963897504.0702492;48;EUR;1;;NLIX00005164;NLIX00005156;;;;ECB;EU Price;Indices;;;;;0;
NLIX00005131;10-01-2025;;NLIX00005131;NL;UTELG;Euronext US Telecom GR;XAMS;;7026.98;6961.58;6961.58047524;;;;;NLIX00005115;;;21.92007651232069;;US00206R1023 US92343V1044;ECB;TR1;Indices;;;;;0;
NLIX00005123;10-01-2025;;NLIX00005123;NL;UTELN;Euronext US Telecom NR;XAMS;;6118.80;6052.77;6052.77115473;;;;;NLIX00005115;;;;15.34405355862448;US00206R1023 US92343V1044;ECB;TR1;Indices;;;;;0;
NLIX00005115;10-01-2025;;NLIX00005115;NL;UTEL;Euronext US Telecom PR;XAMS;214407105.209656;4427.75;4364.63;4364.62515893;935806645650.71641455;8;EUR;1;;NLIX00005131;NLIX00005123;;;;ECB;EU Price;Indices;;;;;0;
NLIX00005107;10-01-2025;;NLIX00005107;NL;UINDG;Euronext US Industrials GR;XAMS;;9688.52;9564.89;9564.89231877;;;;;NLIX00005081;;;.77636270088644;;US57636Q1040;ECB;TR1;Indices;;;;;0;
NLIX00005099;10-01-2025;;NLIX00005099;NL;UINDN;Euronext US Industrials NR;XAMS;;8968.86;8854.13;8854.13316445;;;;;NLIX00005081;;;;.54345389062051;US57636Q1040;ECB;TR1;Indices;;;;;0;
NLIX00005081;10-01-2025;;NLIX00005081;NL;UIND;Euronext US Industrials PR;XAMS;778665565.286017;7443.39;7347.63;7347.63071823;5721347026724.7168261;92;EUR;1;;NLIX00005107;NLIX00005099;;;;ECB;EU Price;Indices;;;;;0;
NLIX00005073;10-01-2025;;NLIX00005073;NL;UFING;Euronext US Financials GR;XAMS;;7587.73;7441.37;7441.36826218;;;;;NLIX00005057;;;.06354595692023;;US7433151039;ECB;TR1;Indices;;;;;0;
NLIX00005065;10-01-2025;;NLIX00005065;NL;UFINN;Euronext US Financials NR;XAMS;;6957.10;6822.88;6822.87723561;;;;;NLIX00005057;;;;.04448216984416;US7433151039;ECB;TR1;Indices;;;;;0;
NLIX00005057;10-01-2025;;NLIX00005057;NL;UFIN;Euronext US Financials PR;XAMS;894585746.377078;5651.55;5542.47;5542.47001925;4958214678942.0618375;62;EUR;1;;NLIX00005073;NLIX00005065;;;;ECB;EU Price;Indices;;;;;0;
NLIX00005040;10-01-2025;;NLIX00005040;NL;UCDIG;Euronext US Consumer Discretionary GR;XAMS;;13338.77;13304.01;13304.01302398;;;;;NLIX00005024;;;.25574574620438;;US2371941053;ECB;TR1;Indices;;;;;0;
NLIX00005032;10-01-2025;;NLIX00005032;NL;UCDIN;Euronext US Consumer Discretionary NR;XAMS;;12600.34;12567.42;12567.41788572;;;;;NLIX00005024;;;;.17902202234307;US2371941053;ECB;TR1;Indices;;;;;0;
NLIX00005024;10-01-2025;;NLIX00005024;NL;UCDI;Euronext US Consumer Discretionary PR;XAMS;624181978.915176;10999.98;10971.06;10971.05684975;6847935975266.2337024;62;EUR;1;;NLIX00005040;NLIX00005032;;;;ECB;EU Price;Indices;;;;;0;
NLIX00005016;10-01-2025;;NLIX00005016;NL;UCSTG;Euronext US Consumer Staples GR;XAMS;;5325.46;5238.59;5238.5926656;;;;;NLIX00004993;;;.58199352989194;;US3703341046;ECB;TR1;Indices;;;;;0;
NLIX00005008;10-01-2025;;NLIX00005008;NL;UCSTN;Euronext US Consumer Staples NR;XAMS;;4656.28;4580.09;4580.08543572;;;;;NLIX00004993;;;;.40739547092436;US3703341046;ECB;TR1;Indices;;;;;0;
NLIX00004993;10-01-2025;;NLIX00004993;NL;UCST;Euronext US Consumer Staples PR;XAMS;555395562.585278;3398.27;3342.26;3342.25838967;1856275478637.4606351;27;EUR;1;;NLIX00005016;NLIX00005008;;;;ECB;EU Price;Indices;;;;;0;
NLIX00004985;10-01-2025;;NLIX00004985;NL;UENRG;Euronext US Energy GR;XAMS;;3253.25;3277.82;3277.81684099;;;;;NLIX00004969;;;0;;;ECB;TR1;Indices;;;;;0;
NLIX00004977;10-01-2025;;NLIX00004977;NL;UENRN;Euronext US Energy NR;XAMS;;2822.16;2843.47;2843.47286633;;;;;NLIX00004969;;;;0;;ECB;TR1;Indices;;;;;0;
NLIX00004969;10-01-2025;;NLIX00004969;NL;UENR;Euronext US Energy PR;XAMS;814568959.022898;2021.22;2036.49;2036.48597582;1658858261388.0277031;27;EUR;1;;NLIX00004985;NLIX00004977;;;;ECB;EU Price;Indices;;;;;0;
NLIX00004951;10-01-2025;;NLIX00004951;NL;UTECG;Euronext US Technology GR;XAMS;;22704.24;22371.84;22371.84327247;;;;;NLIX00004936;;;1.02518955939075;;US4612021034 US5738741041 US68389X1054;ECB;TR1;Indices;;;;;0;
NLIX00004944;10-01-2025;;NLIX00004944;NL;UTECN;Euronext US Technology NR;XAMS;;21491.24;21176.26;21176.25595443;;;;;NLIX00004936;;;;.71763269157353;US4612021034 US5738741041 US68389X1054;ECB;TR1;Indices;;;;;0;
NLIX00004936;10-01-2025;;NLIX00004936;NL;UTEC;Euronext US Technology PR;XAMS;954381219.86555;18893.14;18615.52;18615.51529118;17766298192024.023805;70;EUR;1;;NLIX00004951;NLIX00004944;;;;ECB;EU Price;Indices;;;;;0;
NLIX00004910;10-01-2025;;NLIX00004910;NL;DWREN;EN Developed World Real Estate TM NR;XAMS;;2471.886;2424.716;2424.7155783;;;;;NLIX00004894;;;;.12697666260618;NL0015000K93 US49803T3005 US9026531049;WM ;TR1;Indices;;;;;0;
NLIX00004902;10-01-2025;;NLIX00004902;NL;DWREG;EN Developed World Real Estate TM GR;XAMS;;2816.056;2762.401;2762.40075523;;;;;NLIX00004894;;;.17605531402695;;NL0015000K93 US49803T3005 US9026531049;WM ;TR1;Indices;;;;;0;
NLIX00004894;10-01-2025;;NLIX00004894;NL;DWREP;EN Developed World Real Estate TM;XAMS;1227157008.99837;1650.531;1618.907;1618.90708286;1986653173649.1813472;407;USD;1;;NLIX00004902;NLIX00004910;;;;WM ;EU Price;Indices;;;;;0;
NLIX00004829;10-01-2025;;NLIX00004829;NL;EUREN;Euronext USA Real Estate Total Market NR;XAMS;;3271.763;3192.681;3192.68072973;;;;;NLIX00004803;;;;.2175308666402;US49803T3005 US9026531049;WM ;TR1;Indices;;;;;0;
NLIX00004811;10-01-2025;;NLIX00004811;NL;EUREG;Euronext USA Real Estate Total Market GR;XAMS;;3830.916;3738.476;3738.47551827;;;;;NLIX00004803;;;.31075838091457;;US49803T3005 US9026531049;WM ;TR1;Indices;;;;;0;
NLIX00004803;10-01-2025;;NLIX00004803;NL;EUREP;Euronext USA Real Estate Total Market;XAMS;596821322.820534;2263.794;2208.857;2208.85728432;1318293126349.632;95;USD;1;;NLIX00004811;NLIX00004829;;;;WM ;EU Price;Indices;;;;;0;
NLIX00003979;10-01-2025;;NLIX00003979;NL;TUTIG;Euronext Transatlantic Utilities GR;XAMS;;4105.40;4086.61;4086.61132376;;;;;NLIX00003953;;;1.87623539933805;;ES0144580Y14;ECB;TR1;Indices;;;;;0;
NLIX00003961;10-01-2025;;NLIX00003961;NL;TUTIN;Euronext Transatlantic Utilities NR;XAMS;;3548.57;3531.77;3531.77243375;;;;;NLIX00003953;;;;1.51975067346382;ES0144580Y14;ECB;TR1;Indices;;;;;0;
NLIX00003953;10-01-2025;;NLIX00003953;NL;TUTI;Euronext Transatlantic Utilities PR;XAMS;705203506.642507;2258.50;2246.29;2246.29039921;1584091866457.1553012;54;EUR;1;;NLIX00003979;NLIX00003961;;;;ECB;EU Price;Indices;;;;;0;
NLIX00003946;10-01-2025;;NLIX00003946;NL;TBMAG;Euronext Transatlantic Basic Mat GR;XAMS;;3358.68;3337.48;3337.48454356;;;;;NLIX00003920;;;0;;;ECB;TR1;Indices;;;;;0;
NLIX00003938;10-01-2025;;NLIX00003938;NL;TBMAN;Euronext Transatlantic Basic Mat NR;XAMS;;3092.74;3073.22;3073.22175815;;;;;NLIX00003920;;;;0;;ECB;TR1;Indices;;;;;0;
NLIX00003920;10-01-2025;;NLIX00003920;NL;TBMA;Euronext Transatlantic Basic Mat PR;XAMS;460678050.446025;2210.61;2196.66;2196.65994167;1011953019422.1654563;40;EUR;1;;NLIX00003946;NLIX00003938;;;;ECB;EU Price;Indices;;;;;0;
NLIX00003912;10-01-2025;;NLIX00003912;NL;THECG;Euronext Transatlantic Health Care GR;XAMS;;6905.38;6896.97;6896.96544014;;;;;NLIX00003896;;;0;;;ECB;TR1;Indices;;;;;0;
NLIX00003904;10-01-2025;;NLIX00003904;NL;THECN;Euronext Transatlantic Health Care NR;XAMS;;6354.98;6347.24;6347.24134121;;;;;NLIX00003896;;;;0;;ECB;TR1;Indices;;;;;0;
NLIX00003896;10-01-2025;;NLIX00003896;NL;THEC;Euronext Transatlantic Health Care PR;XAMS;1272858911.26969;5039.59;5033.45;5033.4463854;6406867086056.5099587;93;EUR;1;;NLIX00003912;NLIX00003904;;;;ECB;EU Price;Indices;;;;;0;
NLIX00003888;10-01-2025;;NLIX00003888;NL;TTELG;Euronext Transatlantic Telecom GR;XAMS;;4170.01;4139.59;4139.59094087;;;;;NLIX00003862;;;8.8773834494574;;US00206R1023 US92343V1044;ECB;TR1;Indices;;;;;0;
NLIX00003870;10-01-2025;;NLIX00003870;NL;TTELN;Euronext Transatlantic Telecom NR;XAMS;;3646.48;3615.91;3615.9069808;;;;;NLIX00003862;;;;6.21416841462018;US00206R1023 US92343V1044;ECB;TR1;Indices;;;;;0;
NLIX00003862;10-01-2025;;NLIX00003862;NL;TTEL;Euronext Transatlantic Telecom PR;XAMS;529415021.637723;2444.75;2418.04;2418.04024723;1280146829809.4732016;24;EUR;1;;NLIX00003888;NLIX00003870;;;;ECB;EU Price;Indices;;;;;0;
NLIX00003854;10-01-2025;;NLIX00003854;NL;TINDG;Euronext Transatlantic Industrials GR;XAMS;;7924.70;7829.43;7829.43495541;;;;;NLIX00003839;;;.4684794145362;;US57636Q1040;ECB;TR1;Indices;;;;;0;
NLIX00003847;10-01-2025;;NLIX00003847;NL;TINDN;Euronext Transatlantic Industrials NR;XAMS;;7328.31;7240.04;7240.03703636;;;;;NLIX00003839;;;;.32793559017534;US57636Q1040;ECB;TR1;Indices;;;;;0;
NLIX00003839;10-01-2025;;NLIX00003839;NL;TIND;Euronext Transatlantic Industrials PR;XAMS;1290402272.96049;5915.47;5843.89;5843.88757363;7540965807940.6506639;199;EUR;1;;NLIX00003854;NLIX00003847;;;;ECB;EU Price;Indices;;;;;0;
NLIX00003821;10-01-2025;;NLIX00003821;NL;TFING;Euronext Transatlantic Financials GR;XAMS;;4974.90;4892.25;4892.25157662;;;;;NLIX00003805;;;.02611365333544;;US7433151039;ECB;TR1;Indices;;;;;0;
NLIX00003813;10-01-2025;;NLIX00003813;NL;TFINN;Euronext Transatlantic Financials NR;XAMS;;4512.33;4437.36;4437.35785315;;;;;NLIX00003805;;;;.01827955733481;US7433151039;ECB;TR1;Indices;;;;;0;
NLIX00003805;10-01-2025;;NLIX00003805;NL;TFINP;Euronext Transatlantic Financials PR;XAMS;2176918969.18863;3290.05;3235.37;3235.36962898;7043137517669.6174001;151;EUR;1;;NLIX00003821;NLIX00003813;;;;ECB;EU Price;Indices;;;;;0;
NLIX00003797;10-01-2025;;NLIX00003797;NL;TCDIG;Euronext Transatlantic Cons Discret GR;XAMS;;10076.97;10045.31;10045.30661682;;;;;NLIX00003771;;;.15027331166541;;US2371941053;ECB;TR1;Indices;;;;;0;
NLIX00003789;10-01-2025;;NLIX00003789;NL;TCDIN;Euronext Transatlantic Cons Discret NR;XAMS;;9475.28;9445.45;9445.45203478;;;;;NLIX00003771;;;;.10519131816579;US2371941053;ECB;TR1;Indices;;;;;0;
NLIX00003771;10-01-2025;;NLIX00003771;NL;TCDI;Euronext Transatlantic Cons Discret PR;XAMS;1062277021.75362;7926.92;7901.86;7901.86102295;8393965393775.3624265;126;EUR;1;;NLIX00003797;NLIX00003789;;;;ECB;EU Price;Indices;;;;;0;
NLIX00003763;10-01-2025;;NLIX00003763;NL;TCSTG;Euronext Transatlantic Cons Staples GR;XAMS;;4295.92;4224.06;4224.06420228;;;;;NLIX00003748;;;.31568138836889;;US3703341046;ECB;TR1;Indices;;;;;0;
NLIX00003755;10-01-2025;;NLIX00003755;NL;TCSTN;Euronext Transatlantic Cons Staples NR;XAMS;;3846.90;3782.42;3782.42292947;;;;;NLIX00003748;;;;.22097697185823;US3703341046;ECB;TR1;Indices;;;;;0;
NLIX00003748;10-01-2025;;NLIX00003748;NL;TCST;Euronext Transatlantic Cons Staples PR;XAMS;1023933104.27792;2736.94;2690.85;2690.84521045;2755245489469.4842006;63;EUR;1;;NLIX00003763;NLIX00003755;;;;ECB;EU Price;Indices;;;;;0;
NLIX00003730;10-01-2025;;NLIX00003730;NL;TENRG;Euronext Transatlantic Energy GR;XAMS;;2877.45;2891.53;2891.53137557;;;;;NLIX00003714;;;.39250406935569;;ES0173516115;ECB;TR1;Indices;;;;;0;
NLIX00003722;10-01-2025;;NLIX00003722;NL;TENRN;Euronext Transatlantic Energy NR;XAMS;;2532.37;2544.65;2544.64679463;;;;;NLIX00003714;;;;.31792829617811;ES0173516115;ECB;TR1;Indices;;;;;0;
NLIX00003714;10-01-2025;;NLIX00003714;NL;TENR;Euronext Transatlantic Energy PR;XAMS;1424859367.49153;1668.82;1676.59;1676.58964925;2388904467171.2013771;47;EUR;1;;NLIX00003730;NLIX00003722;;;;ECB;EU Price;Indices;;;;;0;
NLIX00003706;10-01-2025;;NLIX00003706;NL;TTECG;Euronext Transatlantic Technology GR;XAMS;;21168.65;20867.28;20867.27600916;;;;;NLIX00003680;;;.90782265096835;;US4612021034 US5738741041 US68389X1054;ECB;TR1;Indices;;;;;0;
NLIX00003698;10-01-2025;;NLIX00003698;NL;TTECN;Euronext Transatlantic Technology NR;XAMS;;20055.64;19769.8;19769.79853418;;;;;NLIX00003680;;;;.63547585567785;US4612021034 US5738741041 US68389X1054;ECB;TR1;Indices;;;;;0;
NLIX00003680;10-01-2025;;NLIX00003680;NL;TTEC;Euronext Transatlantic Technology PR;XAMS;1077767404.50474;17585.94;17334.67;17334.66697342;18682739031900.159675;88;EUR;1;;NLIX00003706;NLIX00003698;;;;ECB;EU Price;Indices;;;;;0;
NLIX00003128;10-01-2025;;NLIX00003128;NL;AERD5;Euronext Aerospace and Defense D5%;XAMS;;5328.23;5323.2;5323.19752817;;;;;NLIX00003102;;;;;;ECB;TR4 Dividend Return;Indices;Percentage;.05;1;365;0;
NLIX00003110;10-01-2025;;NLIX00003110;NL;ARD35;Euronext Aerospace and Defense D3.5%;XAMS;;6675.91;6669.87;6669.87421588;;;;;NLIX00003102;;;;;;ECB;TR4 Dividend Return;Indices;Percentage;.035;1;365;0;
NLIX00003102;10-01-2025;;NLIX00003102;NL;AERDN;Euronext Aerospace and Defense NR;XAMS;;11297.36;11288.23;11288.23220694;;;;;NLIX00003086;;;;0;;ECB;TR1;Indices;;;;;0;
NLIX00003094;10-01-2025;;NLIX00003094;NL;AERDG;Euronext Aerospace and Defense GR;XAMS;;12067.32;12057.58;12057.57665612;;;;;NLIX00003086;;;0;;;ECB;TR1;Indices;;;;;0;
NLIX00003086;10-01-2025;;NLIX00003086;NL;AERDP;Euronext Aerospace and Defense PR;XAMS;38811476.582616;8918.32;8911.12;8911.12065098;345853750470.20440061;25;EUR;1;;NLIX00003094;NLIX00003102;;;;ECB;EU Price;Indices;;;;;0;
NLIX00003037;10-01-2025;;NLIX00003037;NL;ESC50;Euronext US Consumer Tech Energy Dec 50P;XAMS;;975.89;967.36;967.35599736;;;;;NLIX00003003;;;;;;ECB;TR4 Dividend Return;Indices;Points;50;1;365;0;
NLIX00003029;10-01-2025;;NLIX00003029;NL;ESC5D;Euronext US Consumer Tech Energy Dec 5%;XAMS;;7247.25;7183.82;7183.82140181;;;;;NLIX00003011;;;;;;ECB;TR4 Dividend Return;Indices;Percentage;.05;1;365;0;
NLIX00003011;10-01-2025;;NLIX00003011;NL;EUSCN;Euronext US Consumer Tech Energy NR;XAMS;;15362.91;15230.55;15230.55385491;;;;;NLIX00002997;;;;.43356417394733;US68389X1054;ECB;TR1;Indices;;;;;0;
NLIX00003003;10-01-2025;;NLIX00003003;NL;EUSCG;Euronext US Consumer Tech Energy GR;XAMS;;16462.08;16320.49;16320.48791703;;;;;NLIX00002997;;;.61937739135332;;US68389X1054;ECB;TR1;Indices;;;;;0;
NLIX00002997;10-01-2025;;NLIX00002997;NL;EUSCS;Euronext US Consumer Tech Energy;XAMS;1041967799.28923;13074.59;12961.52;12961.51759997;13505483969086.709548;20;EUR;1;;NLIX00003003;NLIX00003011;;;;ECB;EU Price;Indices;;;;;0;
NLIX00002252;10-01-2025;;NLIX00002252;NL;CANGT;EN Canada Total Market GR;XAMS;;3698.91;3673.52;3673.52119778;;;;;NLIX00002237;;;1.34521180180961;;CA25675T1075 CA68272K1030 CA8911605092;ECB;TR1;Indices;;;;;0;
NLIX00002245;10-01-2025;;NLIX00002245;NL;CANNT;EN Canada Total Market NR;XAMS;;3300.17;3277.04;3277.04074985;;;;;NLIX00002237;;;;1.0089088513572;CA25675T1075 CA68272K1030 CA8911605092;ECB;TR1;Indices;;;;;0;
NLIX00002237;10-01-2025;;NLIX00002237;NL;CANPT;EN Canada Total Market;XAMS;941956472.626983;2343.45;2326.02;2326.01983357;2191009437694.4268819;227;EUR;1;;NLIX00002252;NLIX00002245;;;;ECB;EU Price;Indices;;;;;0;
NLIX00002161;10-01-2025;;NLIX00002161;NL;EUSGT;EN USA Total Market GR;XAMS;;9995.25;9889.23;9889.23177682;;;;;NLIX00002146;;;.9817621579938;;US00206R1023 US00751Y1064 US02553E1064 US06652K1034 US1046741062 US2371941053 US3703341046 US4612021034 US48282T1043 US49803T3005 US5341871094 US5738741041 US57636Q1040 US6501111073 US68389X1054 US7433151039 US8086251076 US8894781033 US9026531049 US92343V1044;ECB;TR1;Indices;;;;;0;
NLIX00002153;10-01-2025;;NLIX00002153;NL;EUSNT;EN USA Total Market NR;XAMS;;9204.39;9106.4;9106.40464484;;;;;NLIX00002146;;;;.68723351059566;US00206R1023 US00751Y1064 US02553E1064 US06652K1034 US1046741062 US2371941053 US3703341046 US4612021034 US48282T1043 US49803T3005 US5341871094 US5738741041 US57636Q1040 US6501111073 US68389X1054 US7433151039 US8086251076 US8894781033 US9026531049 US92343V1044;ECB;TR1;Indices;;;;;0;
NLIX00002146;10-01-2025;;NLIX00002146;NL;EUSPT;EN USA Total Market;XAMS;7343936671.32704;7552.35;7471.26;7471.2576295;54868442886207.481401;1475;EUR;1;;NLIX00002161;NLIX00002153;;;;ECB;EU Price;Indices;;;;;0;
NLIX00002047;10-01-2025;;NLIX00002047;NL;DNAGT;EN Developed NA Total Market GR;XAMS;;9396.53;9298.08;9298.07826885;;;;;NLIX00002021;;;1.03180601705475;;CA25675T1075 CA68272K1030 CA8911605092 US00206R1023 US00751Y1064 US02553E1064 US06652K1034 US1046741062 US2371941053 US3703341046 US4612021034 US48282T1043 US49803T3005 US5341871094 US5738741041 US57636Q1040 US6501111073 US68389X1054 US7433151039 US8086251076 ECB;ECB;TR1;Indices;;;;;0;
NLIX00002039;10-01-2025;;NLIX00002039;NL;DNANT;EN Developed NA Total Market NR;XAMS;;8638.37;8547.5;8547.49947498;;;;;NLIX00002021;;;;.72997574485527;CA25675T1075 CA68272K1030 CA8911605092 US00206R1023 US00751Y1064 US02553E1064 US06652K1034 US1046741062 US2371941053 US3703341046 US4612021034 US48282T1043 US49803T3005 US5341871094 US5738741041 US57636Q1040 US6501111073 US68389X1054 US7433151039 US8086251076 ECB;ECB;TR1;Indices;;;;;0;
NLIX00002021;10-01-2025;;NLIX00002021;NL;DNAPT;EN Developed NA Total Market;XAMS;8215817642.32997;7031.69;6956.98;6956.98366416;57157309125427.828352;1754;EUR;1;;NLIX00002047;NLIX00002039;;;;ECB;EU Price;Indices;;;;;0;
NLIX00001957;10-01-2025;;NLIX00001957;NL;EDWGT;EN Developed World Total Market GR;XAMS;;6539.07;6477.63;6477.62662302;;;;;NLIX00001932;;;.62952453781534;;CA25675T1075 CA68272K1030 CA8911605092 ES0144580Y14 ES0173516115 NL0015000K93 PTPTI0AM0006 US00206R1023 US00751Y1064 US02553E1064 US06652K1034 US1046741062 US2371941053 US3703341046 US4570301048 US4612021034 US48282T1043 US49803T3005 US5341871094 US5738741041 ECB;ECB;TR1;Indices;;;;;0;
NLIX00001940;10-01-2025;;NLIX00001940;NL;EDWNT;EN Developed World Total Market NR;XAMS;;6017.93;5961.17;5961.16735054;;;;;NLIX00001932;;;;.4573462008463;CA25675T1075 CA68272K1030 CA8911605092 ES0144580Y14 ES0173516115 NL0015000K93 PTPTI0AM0006 US00206R1023 US00751Y1064 US02553E1064 US06652K1034 US1046741062 US2371941053 US3703341046 US4570301048 US4612021034 US48282T1043 US49803T3005 US5341871094 US5738741041 ECB;ECB;TR1;Indices;;;;;0;
NLIX00001932;10-01-2025;;NLIX00001932;NL;EDWPT;EN Developed World Total Market;XAMS;16570105454.4198;4640.08;4595.85;4595.85198062;76153751971778.068008;5393;EUR;1;;NLIX00001957;NLIX00001940;;;;ECB;EU Price;Indices;;;;;0;
NLIX00001890;10-01-2025;;NLIX00001890;NL;CANG;Euronext Canada GR;XAMS;;3695.53;3668.31;3668.3135137;;;;;NLIX00001874;;;1.51951980946707;;CA25675T1075 CA8911605092;ECB;TR1;Indices;;;;;0;
NLIX00001882;10-01-2025;;NLIX00001882;NL;CANN;Euronext Canada NR;XAMS;;3288.39;3263.64;3263.63544632;;;;;NLIX00001874;;;;1.1396398571003;CA25675T1075 CA8911605092;ECB;TR1;Indices;;;;;0;
NLIX00001874;10-01-2025;;NLIX00001874;NL;CANP;Euronext Canada;XAMS;831198353.091099;2316.67;2298.08;2298.0848399;1910164334187.3074185;75;EUR;1;;NLIX00001890;NLIX00001882;;;;ECB;EU Price;Indices;;;;;0;
NLIX00001809;10-01-2025;;NLIX00001809;NL;EUSG;Euronext USA GR;XAMS;;10025.32;9918.74;9918.74051778;;;;;NLIX00001783;;;1.04024722099584;;US00206R1023 US3703341046 US4612021034 US5738741041 US57636Q1040 US68389X1054 US7433151039 US92343V1044;ECB;TR1;Indices;;;;;0;
NLIX00001791;10-01-2025;;NLIX00001791;NL;EUSN;Euronext USA NR;XAMS;;9218.08;9119.7;9119.69827686;;;;;NLIX00001783;;;;.72817305469709;US00206R1023 US3703341046 US4612021034 US5738741041 US57636Q1040 US68389X1054 US7433151039 US92343V1044;ECB;TR1;Indices;;;;;0;
NLIX00001783;10-01-2025;;NLIX00001783;NL;EUSP;Euronext USA;XAMS;6405232768.31241;7541.97;7460.75;7460.75057595;47787844065265.309059;393;EUR;1;;NLIX00001809;NLIX00001791;;;;ECB;EU Price;Indices;;;;;0;
NLIX00001684;10-01-2025;;NLIX00001684;NL;DNAG;Euronext Developed North America GR;XAMS;;9441.83;9342.43;9342.42606392;;;;;NLIX00001668;;;1.10092011754382;;CA25675T1075 CA8911605092 US00206R1023 US3703341046 US4612021034 US5738741041 US57636Q1040 US68389X1054 US7433151039 US92343V1044;ECB;TR1;Indices;;;;;0;
NLIX00001676;10-01-2025;;NLIX00001676;NL;DNAN;Euronext Developed North America NR;XAMS;;8667.37;8575.72;8575.71943254;;;;;NLIX00001668;;;;.77941570930844;CA25675T1075 CA8911605092 US00206R1023 US3703341046 US4612021034 US5738741041 US57636Q1040 US68389X1054 US7433151039 US92343V1044;ECB;TR1;Indices;;;;;0;
NLIX00001668;10-01-2025;;NLIX00001668;NL;DNAP;Euronext Developed North America;XAMS;7199475987.2951;7035.65;6960.48;6960.4785318;50111798049750.837212;488;EUR;1;;NLIX00001684;NLIX00001676;;;;ECB;EU Price;Indices;;;;;0;
NLIX00001593;10-01-2025;;NLIX00001593;NL;EDWG;Euronext Developed World GR;XAMS;;6645.69;6583.29;6583.28742776;;;;;NLIX00001577;;;.6799753088308;;CA25675T1075 CA8911605092 ES0144580Y14 ES0173516115 US00206R1023 US2371941053 US3703341046 US4612021034 US5738741041 US57636Q1040 US68389X1054 US7433151039 US8894781033 US9026531049 US92343V1044;ECB;TR1;Indices;;;;;0;
NLIX00001585;10-01-2025;;NLIX00001585;NL;EDWN;Euronext Developed World NR;XAMS;;6099.58;6042.06;6042.0576533;;;;;NLIX00001577;;;;.49414822530671;CA25675T1075 CA8911605092 ES0144580Y14 ES0173516115 US00206R1023 US2371941053 US3703341046 US4612021034 US5738741041 US57636Q1040 US68389X1054 US7433151039 US8894781033 US9026531049 US92343V1044;ECB;TR1;Indices;;;;;0;
NLIX00001577;10-01-2025;;NLIX00001577;NL;EDWP;Euronext Developed World;XAMS;14875119294.1137;4665.14;4620.66;4620.65798678;68732838770724.661364;1602;EUR;1;;NLIX00001593;NLIX00001585;;;;ECB;EU Price;Indices;;;;;0;
NLIX00001031;10-01-2025;;NLIX00001031;NL;ENZTG;Euronext EZ Transatlantic GR;XAMS;;7716.16;7638.24;7638.23830823;;;;;NLIX00001015;;;.97702815349085;;CA25675T1075 CA8911605092 ES0144580Y14 ES0173516115 US00206R1023 US2371941053 US3703341046 US4612021034 US5738741041 US57636Q1040 US68389X1054 US7433151039 US92343V1044;ECB;TR1;Indices;;;;;0;
NLIX00001023;10-01-2025;;NLIX00001023;NL;ENZTN;Euronext EZ Transatlantic NR;XAMS;;7029.78;6958.44;6958.44429127;;;;;NLIX00001015;;;;.71038711516165;CA25675T1075 CA8911605092 ES0144580Y14 ES0173516115 US00206R1023 US2371941053 US3703341046 US4612021034 US5738741041 US57636Q1040 US68389X1054 US7433151039 US92343V1044;ECB;TR1;Indices;;;;;0;
NLIX00001015;10-01-2025;;NLIX00001015;NL;ENZTP;Euronext EZ Transatlantic;XAMS;10193923072.802;5514.31;5457.64;5457.64104269;55634772948169.527177;800;EUR;1;;NLIX00001031;NLIX00001023;;;;ECB;EU Price;Indices;;;;;0;
NLIX00001007;10-01-2025;;NLIX00001007;FR;HSPCG;Euronext Helios Space Index GR;XPAR;;8302.24;8262.99;8262.99359622;;;;;NLIX00000983;;;0;;;ECB;TR1;Indices;;;;;0;
NLIX00000991;10-01-2025;;NLIX00000991;FR;HSPCN;Euronext Helios Space Index NR;XPAR;;7921.88;7884.43;7884.43266939;;;;;NLIX00000983;;;;0;;ECB;TR1;Indices;;;;;0;
NLIX00000983;10-01-2025;;NLIX00000983;FR;HSPCP;Euronext Helios Space Index;XPAR;91242554.8289957;6309.13;6279.3;6279.30042899;572939413680.24396254;30;EUR;1;;NLIX00001007;NLIX00000991;;;;ECB;EU Price;Indices;;;;;0;
NLIX00000975;10-01-2025;;NLIX00000975;FR;HSPAG;Euronext Helios Space All-Share Index GR;XPAR;;8254.52;8215.85;8215.85104348;;;;;NLIX00000959;;;0;;;ECB;TR1;Indices;;;;;0;
NLIX00000967;10-01-2025;;NLIX00000967;FR;HSPAN;Euronext Helios Space All-Share Index NR;XPAR;;7875.73;7838.84;7838.83995063;;;;;NLIX00000959;;;;0;;ECB;TR1;Indices;;;;;0;
NLIX00000959;10-01-2025;;NLIX00000959;FR;HSPAP;Euronext Helios Space All-Share Index;XPAR;93533984.6923402;6270.48;6241.1;6241.10306177;583755238243.11642403;51;EUR;1;;NLIX00000975;NLIX00000967;;;;ECB;EU Price;Indices;;;;;0;
NLIX00000942;10-01-2025;;NLIX00000942;NL;ENTG;Euronext Transatlantic GR;XAMS;;7011.15;6940.75;6940.74942039;;;;;NLIX00000926;;;.80583635088572;;CA25675T1075 CA8911605092 ES0144580Y14 ES0173516115 US00206R1023 US2371941053 US3703341046 US4612021034 US5738741041 US57636Q1040 US68389X1054 US7433151039 US92343V1044;ECB;TR1;Indices;;;;;0;
NLIX00000934;10-01-2025;;NLIX00000934;NL;ENTN;Euronext Transatlantic NR;XAMS;;6418.86;6354.11;6354.1149747;;;;;NLIX00000926;;;;.58591531733529;CA25675T1075 CA8911605092 ES0144580Y14 ES0173516115 US00206R1023 US2371941053 US3703341046 US4612021034 US5738741041 US57636Q1040 US68389X1054 US7433151039 US92343V1044;ECB;TR1;Indices;;;;;0;
NLIX00000926;10-01-2025;;NLIX00000926;NL;ENTP;Euronext Transatlantic;XAMS;12359519182.4002;4918.65;4868.45;4868.45202221;60171726157070.640990;1000;EUR;1;;NLIX00000942;NLIX00000934;;;;ECB;EU Price;Indices;;;;;0;
NLIX00000025;10-01-2025;;NLIX00000025;NL;EDMGU;Euronext Developed Market GR USD;XAMS;;1247.33;1229.65;1229.64584142;;;;;NLIX00000009;;;.1736507470213;;CA25675T1075 CA8911605092 ES0144580Y14 ES0173516115 US00206R1023 US2371941053 US3703341046 US4612021034 US5738741041 US57636Q1040 US68389X1054 US7433151039 US92343V1044;WM ;TR1;Indices;;;;;0;
NLIX00000017;10-01-2025;;NLIX00000017;NL;EDMNU;Euronext Developed Market NR USD;XAMS;;1229.32;1211.84;1211.83680192;;;;;NLIX00000009;;;;.12625795881986;CA25675T1075 CA8911605092 ES0144580Y14 ES0173516115 US00206R1023 US2371941053 US3703341046 US4612021034 US5738741041 US57636Q1040 US68389X1054 US7433151039 US92343V1044;WM ;TR1;Indices;;;;;0;
NLIX00000009;10-01-2025;;NLIX00000009;NL;EDMPU;Euronext Developed Market USD;XAMS;59094575416.2218;1171.51;1154.72;1154.72235422;68237827246278.630189;1548;USD;1;;NLIX00000025;NLIX00000017;;;;WM ;EU Price;Indices;;;;;0;
NLESG0000063;10-01-2025;;NLESG0000063;NL;EDWEG;Euronext Developed World ESG Screened GR;XAMS;;6889.63;6819.85;6819.85112746;;;;;NLESG0000048;;;.73362328020634;;CA25675T1075 CA8911605092 ES0144580Y14 US00206R1023 US2371941053 US3703341046 US4612021034 US5738741041 US57636Q1040 US68389X1054 US7433151039 US92343V1044;ECB;TR1;Indices;;;;;0;
NLESG0000055;10-01-2025;;NLESG0000055;NL;EDWEN;Euronext Developed World ESG Screened NR;XAMS;;6334.08;6269.66;6269.66436506;;;;;NLESG0000048;;;;.52979128023491;CA25675T1075 CA8911605092 ES0144580Y14 US00206R1023 US2371941053 US3703341046 US4612021034 US5738741041 US57636Q1040 US68389X1054 US7433151039 US92343V1044;ECB;TR1;Indices;;;;;0;
NLESG0000048;10-01-2025;;NLESG0000048;NL;EDWEP;Euronext Developed World ESG Screened;XAMS;12813779211.0462;4892.58;4842.29;4842.28727203;62047999980259.668828;1447;EUR;1;;NLESG0000063;NLESG0000055;;;;ECB;EU Price;Indices;;;;;0;
FR0014005IM1;10-01-2025;;FR0014005IM1;FR;USCEN;EN US Screened Climate Amb 25 EW NR EUR;XPAR;;7851.48;7765.28;7765.27722487;;;;;FR0014005IJ7;;;;.67267544448782;US57636Q1040 US68389X1054;ECB;TR1;Indices;;;;;0;
FR0014005IJ7;10-01-2025;;FR0014005IJ7;FR;USCLE;EN US Screened Climate Amb 25 EW EUR;XPAR;1001274.56815964;6252.16;6182.85;6182.84880065;6190729262.87099702;25;EUR;1;;FR0014005II9;FR0014005IM1;;;;ECB;EU Price;Indices;;;;;0;
FR0014005II9;10-01-2025;;FR0014005II9;FR;USCEG;EN US Screened Climate Amb 25 EW GR EUR;XPAR;;8655.04;8560.42;8560.41650472;;;;;FR0014005IJ7;;;.96096492069688;;US57636Q1040 US68389X1054;ECB;TR1;Indices;;;;;0;
FR0014005GK9;10-01-2025;;FR0014005GK9;FR;USCLG;EN US Screened Climate Ambition 25 EW GR;XPAR;;6213.26;6115.5;6115.50387974;;;;;FR0014005GE2;;;.6902067863437;;US57636Q1040 US68389X1054;WM ;TR1;Indices;;;;;0;
FR0014005GI3;10-01-2025;;FR0014005GI3;FR;TCAMP;EN Transatl Sustain and Cl Scr 60;XPAR;1011730.73351732;4995.85;4953.36;4953.3606616;5011467215.54;2;EUR;1;;FR0014005GG7;;;;;ECB;EU Price;Indices;;;;;0;
FR0014005GH5;10-01-2025;;FR0014005GH5;FR;USCLN;EN US Screened Climate Ambition 25 EW NR;XPAR;;5636.36;5547.42;5547.41947253;;;;;FR0014005GE2;;;;.48314475044059;US57636Q1040 US68389X1054;WM ;TR1;Indices;;;;;0;
FR0014005GG7;10-01-2025;;FR0014005GG7;FR;TCAMG;EN Transatl Sustain and Cl Scr 60 GR;XPAR;;4995.85;4953.36;4953.3606616;;;;;FR0014005GI3;;;0;;;ECB;TR1;Indices;;;;;0;
FR0014005GF9;10-01-2025;;FR0014005GF9;FR;TCAMB;EN Transatl Sustain and Cl Scr 60 D50P;XPAR;;1192.57;1182.29;1182.28500926;;;;;FR0014005GG7;;;;;;ECB;TR4 Dividend Return;Indices;Points;50;1;365;0;
FR0014005GE2;10-01-2025;;FR0014005GE2;FR;USCLA;EN US Screened Climate Ambition 25 EW;XPAR;1001275.23181996;4488.18;4416.87;4416.87496545;4422507504.95;25;USD;1;;FR0014005GK9;FR0014005GH5;;;;WM ;EU Price;Indices;;;;;0;
FR0014004PU2;10-01-2025;;FR0014004PU2;FR;TESGN;EN CDP Environment Transatlantic EW NR;XPAR;;3972.59;3912.91;3912.907131;;;;;FR0014004PQ0;;;;.06722736001391;US57636Q1040;ECB;TR1;Indices;;;;;0;
FR0014004PS6;10-01-2025;;FR0014004PS6;FR;TLESG;EN CDP Environment Transatlantic EW D5%;XPAR;;1533.10;1509.86;1509.85677177;;;;;FR0014004PU2;;;;;;ECB;TR4 Dividend Return;Indices;Percentage;.05;1;365;0;
FR0014004PR8;10-01-2025;;FR0014004PR8;FR;TESGG;EN CDP Environment Transatlantic EW GR;XPAR;;4492.23;4424.78;4424.78317905;;;;;FR0014004PQ0;;;.09603908573416;;US57636Q1040;ECB;TR1;Indices;;;;;0;
FR0014004PQ0;10-01-2025;;FR0014004PQ0;FR;TESGP;EN CDP Environment Transatlantic EW;XPAR;1018657.31615722;2636.07;2596.39;2596.39395938;2644835702.35007219;40;EUR;1;;FR0014004PR8;FR0014004PU2;;;;ECB;EU Price;Indices;;;;;0;
FR0014003BY6;10-01-2025;;FR0014003BY6;FR;TCED5;EN Transat Circular Economy 50 EW D5%;XPAR;;2046.76;2018.65;2018.64941735;;;;;FR0014003BV2;;;;;;ECB;TR4 Dividend Return;Indices;Percentage;.05;1;365;0;
FR0014003BX8;10-01-2025;;FR0014003BX8;FR;TCEGR;EN Transat Circular Economy 50 EW GR;XPAR;;4806.10;4741.4;4741.40008378;;;;;FR0014003BU4;;;1.77043667445838;;ES0144580Y14 US3703341046 US68389X1054;ECB;TR1;Indices;;;;;0;
FR0014003BV2;10-01-2025;;FR0014003BV2;FR;TCENR;EN Transat Circular Economy 50 EW NR;XPAR;;4340.01;4280.99;4280.9948614;;;;;FR0014003BU4;;;;1.35612823429391;ES0144580Y14 US3703341046 US68389X1054;ECB;TR1;Indices;;;;;0;
FR0014003BU4;10-01-2025;;FR0014003BU4;FR;TCEPR;EN Transat Circular Economy 50 EW;XPAR;971615.588193225;3043.03;3000.3;3000.29727953;2915135606.00949455;50;EUR;1;;FR0014003BX8;FR0014003BV2;;;;ECB;EU Price;Indices;;;;;0;
FR0014001178;10-01-2025;;FR0014001178;FR;ECC3D;EN C Euro&Global ClimateChange EW D3.5%;XPAR;;2452.52;2426.05;2426.05465848;;;;;FR0013533569;;;;;;ECB;TR4 Dividend Return;Indices;Percentage;.035;1;365;0;
FR0013533593;10-01-2025;;FR0013533593;FR;ECC5D;EN C Euro&Global Climate Change EW D5%;XPAR;;1928.17;1907.28;1907.28443217;;;;;FR0013533569;;;;;;ECB;TR4 Dividend Return;Indices;Percentage;.05;1;365;0;
FR0013533577;10-01-2025;;FR0013533577;FR;ECC5G;EN Core Euro&Global Climate Change EW GR;XPAR;;4854.38;4802.46;4802.46359649;;;;;FR0013533551;;;0;;;ECB;TR1;Indices;;;;;0;
FR0013533569;10-01-2025;;FR0013533569;FR;ECC5N;EN Core Euro&Global Climate Change EW NR;XPAR;;4298.70;4252.73;4252.73028431;;;;;FR0013533551;;;;0;;ECB;TR1;Indices;;;;;0;
FR0013533551;10-01-2025;;FR0013533551;FR;ECC5P;EN Core Euro & Global Climate Change EW;XPAR;945424.144279698;2969.32;2937.56;2937.56284878;2777242842.57231076;50;EUR;1;;FR0013533577;FR0013533569;;;;ECB;EU Price;Indices;;;;;0;
FR0013522604;10-01-2025;;FR0013522604;FR;LC3WG;Euronext Low Carbon 300 World PAB GR;XPAR;;5692.43;5635.72;5635.71749291;;;;;FR0013522588;;;.0885107898376;;US3703341046 US5738741041;ECB;TR1;Indices;;;;;0;
FR0013522596;10-01-2025;;FR0013522596;FR;LC3W;Euronext Low Carbon 300 World PAB NR;XPAR;;5061.38;5010.92;5010.91580768;;;;;FR0013522588;;;;.06195755288631;US3703341046 US5738741041;ECB;TR1;Indices;;;;;0;
FR0013522588;10-01-2025;;FR0013522588;FR;LC3WP;Euronext Low Carbon 300 World PAB;XPAR;479372.017849368;3496.50;3461.57;3461.56921386;1659379418.97408083;298;EUR;1;;FR0013522604;FR0013522596;;;;ECB;EU Price;Indices;;;;;0;
FRIX00003676;10-01-2025;;FRIX00003676;FR;FRI4D;Euronext France Investissement 40 D5%;XPAR;;2599.22;2573.45;2573.45130961;;;;;FRIX00003650;;;;;;ECB;TR4 Dividend Return;Indices;Percentage;.05;1;365;0;
FRIX00003668;10-01-2025;;FRIX00003668;FR;FRI4G;Euronext France Investissement 40 GR;XPAR;;6102.70;6043.21;6043.2133603;;;;;FRIX00003643;;;.43970548739395;;US3703341046;ECB;TR1;Indices;;;;;0;
FRIX00003650;10-01-2025;;FRIX00003650;FR;FRI4N;Euronext France Investissement 40 NR;XPAR;;5511.91;5458;5458.00494881;;;;;FRIX00003643;;;;.30779384117577;US3703341046;ECB;TR1;Indices;;;;;0;
FRIX00003643;10-01-2025;;FRIX00003643;FR;FRI4P;Euronext France Investissement 40;XPAR;376736981.645461;4215.79;4174.26;4174.25792485;1572597331216.2129368;40;EUR;1;;FRIX00003668;FRIX00003650;;;;ECB;EU Price;Indices;;;;;0;
FRIX00003064;10-01-2025;;FRIX00003064;FR;FRD4D;Euronext France Developpement 40 D5%;XPAR;;3050.99;3014.67;3014.67087572;;;;;FRIX00003049;;;;;;ECB;TR4 Dividend Return;Indices;Percentage;.05;1;365;0;
FRIX00003056;10-01-2025;;FRIX00003056;FR;FRD4G;Euronext France Developpement 40 GR;XPAR;;7150.09;7066.19;7066.18587942;;;;;FRIX00003031;;;.51095960630013;;US3703341046;ECB;TR1;Indices;;;;;0;
FRIX00003049;10-01-2025;;FRIX00003049;FR;FRD4N;Euronext France Developpement 40 NR;XPAR;;6469.46;6393.34;6393.34175745;;;;;FRIX00003031;;;;.35767172441009;US3703341046;ECB;TR1;Indices;;;;;0;
FRIX00003031;10-01-2025;;FRIX00003031;FR;FRD4P;Euronext France Developpement 40;XPAR;322767226.477499;4932.80;4874.4;4874.40461004;1573298056713.0287769;40;EUR;1;;FRIX00003056;FRIX00003049;;;;ECB;EU Price;Indices;;;;;0;
FRIX00002900;10-01-2025;;FRIX00002900;FR;INFRD;Euronext Invest In France 40 D 5%;XPAR;;2492.64;2459.18;2459.17676649;;;;;FRIX00002884;;;;;;ECB;TR4 Dividend Return;Indices;Percentage;.05;1;365;0;
FRIX00002892;10-01-2025;;FRIX00002892;FR;INFRG;Euronext Invest In France 40 GR;XPAR;;5908.17;5829.8;5829.79678936;;;;;FRIX00002876;;;.27877537078308;;US68389X1054;ECB;TR1;Indices;;;;;0;
FRIX00002884;10-01-2025;;FRIX00002884;FR;INFRN;Euronext Invest In France 40 NR;XPAR;;5285.77;5215.54;5215.5354374;;;;;FRIX00002876;;;;.19514275954816;US68389X1054;ECB;TR1;Indices;;;;;0;
FRIX00002876;10-01-2025;;FRIX00002876;FR;INFRP;Euronext Invest In France 40;XPAR;164892619.898206;3970.81;3917.86;3917.8585914;646025967526.44055056;40;EUR;1;;FRIX00002892;FRIX00002884;;;;ECB;EU Price;Indices;;;;;0;
FRIX00002801;10-01-2025;;FRIX00002801;FR;WIFRD;Euronext World Invest In France 40 D5%;XPAR;;4235.16;4162;4162.00144665;;;;;FRIX00002785;;;;;;ECB;TR4 Dividend Return;Indices;Percentage;.05;1;365;0;
FRIX00002793;10-01-2025;;FRIX00002793;FR;WIFRG;Euronext World Invest In France 40 GR;XPAR;;9751.18;9584.44;9584.44374411;;;;;FRIX00002777;;;.93937427265157;;US68389X1054;ECB;TR1;Indices;;;;;0;
FRIX00002785;10-01-2025;;FRIX00002785;FR;WIFRN;Euronext World Invest In France 40 NR;XPAR;;8979.93;8826.04;8826.03858344;;;;;FRIX00002777;;;;.6575619908561;US68389X1054;ECB;TR1;Indices;;;;;0;
FRIX00002777;10-01-2025;;FRIX00002777;FR;WIFRP;Euronext World Invest In France 40;XPAR;687022538.499206;7291.25;7165.64;7165.63705032;4922954156272.4641226;40;EUR;1;;FRIX00002793;FRIX00002785;;;;ECB;EU Price;Indices;;;;;0;
FRIX00002769;10-01-2025;;FRIX00002769;FR;FILVD;EN Invest In France Low Volatility D3 5%;XPAR;;3615.83;3579.2;3579.19622178;;;;;FRIX00002736;;;;;;ECB;TR4 Dividend Return;Indices;Percentage;.035;1;365;0;
FRIX00002751;10-01-2025;;FRIX00002751;FR;FILV3;EN Invest In France Low Volatility D3%;XPAR;;3898.08;3858.63;3858.63356211;;;;;FRIX00002736;;;;;;ECB;TR4 Dividend Return;Indices;Percentage;.03;1;365;0;
FRIX00002744;10-01-2025;;FRIX00002744;FR;FILVG;EN Invest In France Low Volatility GR;XPAR;;6780.64;6713.09;6713.08614704;;;;;FRIX00002728;;;1.11755788038517;;US3703341046;ECB;TR1;Indices;;;;;0;
FRIX00002736;10-01-2025;;FRIX00002736;FR;FILVN;EN Invest In France Low Volatility NR;XPAR;;6119.08;6057.67;6057.67246589;;;;;FRIX00002728;;;;.78229051626962;US3703341046;ECB;TR1;Indices;;;;;0;
FRIX00002728;10-01-2025;;FRIX00002728;FR;FILVP;EN Invest In France Low Volatility;XPAR;985489.438449981;4558.36;4511.83;4511.83335116;4446364115.61000657;40;EUR;1;;FRIX00002744;FRIX00002736;;;;ECB;EU Price;Indices;;;;;0;
FRIX00002645;10-01-2025;;FRIX00002645;FR;EIFRG;Euronext Invest In France GR;XPAR;;1437.70;1423.25;1423.25328382;;;;;FRIX00002629;;;.1130320426224;;ES0144580Y14 US3703341046 US68389X1054;ECB;TR1;Indices;;;;;0;
FRIX00002637;10-01-2025;;FRIX00002637;FR;EIFRN;Euronext Invest In France NR;XPAR;;1429.02;1414.63;1414.62723864;;;;;FRIX00002629;;;;.08632821911855;ES0144580Y14 US3703341046 US68389X1054;ECB;TR1;Indices;;;;;0;
FRIX00002629;10-01-2025;;FRIX00002629;FR;EIFRP;Euronext Invest In France;XPAR;20385612049.4952;1404.62;1390.39;1390.38906589;28343932095155.717873;309;EUR;1;;FRIX00002645;FRIX00002637;;;;ECB;EU Price;Indices;;;;;0;
FRIX00002298;10-01-2025;;FRIX00002298;FR;CACVB;CAC Vol Bonus;XPAR;;2379.23;2346.56;2346.55636923;;;EUR;1;;;;;;;ECB;EOD Indices;Indices;;;;;0;
FRIX00002033;10-01-2025;;FRIX00002033;FR;ECWGR;Euronext Cybersecurity World GR;XPAR;;9567.71;9440.34;9440.33945646;;;;;FRIX00002017;;;2.73800764437902;;US00206R1023 US68389X1054 US92343V1044;ECB;TR1;Indices;;;;;0;
FRIX00002025;10-01-2025;;FRIX00002025;FR;ECWNR;Euronext Cybersecurity World NR;XPAR;;8710.31;8593.29;8593.29176678;;;;;FRIX00002017;;;;1.91660535106532;US00206R1023 US68389X1054 US92343V1044;ECB;TR1;Indices;;;;;0;
FRIX00002017;10-01-2025;;FRIX00002017;FR;ECWPR;Euronext Cybersecurity World;XPAR;1949708141.06705;6681.40;6589.72;6589.72362992;12848037808632.117555;50;EUR;1;;FRIX00002033;FRIX00002025;;;;ECB;EU Price;Indices;;;;;0;
FRIX00001936;10-01-2025;;FRIX00001936;FR;CAFME;CAC 40 Futures Monthly Roll 4D ER;XPAR;;2808.22;2785.36;2785.36447544;;;EUR;1;;;;;;;ECB;EOD Indices;Indices;;;;;0;
FRIX00001860;10-01-2025;;FRIX00001860;FR;EAIWG;Euronext AI World GR;XPAR;;16711.65;16572.58;16572.58090317;;;;;FRIX00001845;;;.52939676877618;;US5738741041 US68389X1054;ECB;TR1;Indices;;;;;0;
FRIX00001852;10-01-2025;;FRIX00001852;FR;EAIWN;Euronext AI World NR;XPAR;;15718.52;15587.52;15587.52059171;;;;;FRIX00001845;;;;.37057773814333;US5738741041 US68389X1054;ECB;TR1;Indices;;;;;0;
FRIX00001845;10-01-2025;;FRIX00001845;FR;EAIWP;Euronext AI World;XPAR;1036459.04713619;12918.45;12810.41;12810.41326721;13277468728.3583415;100;EUR;1;;FRIX00001860;FRIX00001852;;;;ECB;EU Price;Indices;;;;;0;
FRESG0001460;10-01-2025;;FRESG0001460;FR;BISWG;Euronext Biodiversity Screened World GR;XPAR;;6132.56;6076.31;6076.30930425;;;;;FRESG0001445;;;.80836100713595;;CA25675T1075 CA8911605092 ES0144580Y14 US00206R1023 US3703341046 US4612021034 US5738741041 US57636Q1040 US68389X1054 US7433151039 US92343V1044;ECB;TR1;Indices;;;;;0;
FRESG0001452;10-01-2025;;FRESG0001452;FR;BISWN;Euronext Biodiversity Screened World NR;XPAR;;5602.55;5550.86;5550.85906622;;;;;FRESG0001445;;;;.58419631579042;CA25675T1075 CA8911605092 ES0144580Y14 US00206R1023 US3703341046 US4612021034 US5738741041 US57636Q1040 US68389X1054 US7433151039 US92343V1044;ECB;TR1;Indices;;;;;0;
FRESG0001445;10-01-2025;;FRESG0001445;FR;BISWP;Euronext Biodiversity Screened World;XPAR;11475221028.1688;4191.68;4152.42;4152.41779027;47649911944623.325960;977;EUR;1;;FRESG0001460;FRESG0001452;;;;ECB;EU Price;Indices;;;;;0;
FRESG0001437;10-01-2025;;FRESG0001437;FR;EBEWG;Euronext Biodiversity Enablers World GR;XPAR;;7497.07;7400.5;7400.4957195;;;;;FRESG0001411;;;2.31699491081065;;ES0144580Y14 US00206R1023 US92343V1044;ECB;TR1;Indices;;;;;0;
FRESG0001429;10-01-2025;;FRESG0001429;FR;EBEWN;Euronext Biodiversity Enablers World NR;XPAR;;6897.70;6808.02;6808.02352654;;;;;FRESG0001411;;;;1.6783061494829;ES0144580Y14 US00206R1023 US92343V1044;ECB;TR1;Indices;;;;;0;
FRESG0001411;10-01-2025;;FRESG0001411;FR;EBEWP;Euronext Biodiversity Enablers World;XPAR;2604062666.57041;5396.03;5324.2;5324.19953073;13864549227348.943434;271;EUR;1;;FRESG0001437;FRESG0001429;;;;ECB;EU Price;Indices;;;;;0;
FRESG0001395;10-01-2025;;FRESG0001395;FR;GCSSD;Euronext Global Climate and Sustain Screened D 50P;XPAR;;1270.11;1258.54;1258.53784383;;;;;FRCLIM000197;;;;;;ECB;TR4 Dividend Return;Indices;Points;50;1;365;0;
FRESG0001023;10-01-2025;;FRESG0001023;FR;BSWPF;EN ESG Biodiversity Screened W Proforma;XPAR;10687101032.5865;3033.26;2981.07;2981.07033478;31858999853045.147590;500;USD;1;;;;;;;WM ;EU Price;Indices;;;;;0;
FRESG0000892;10-01-2025;;FRESG0000892;FR;GSCSD;EN Glob Sustain and Cl Screened D 50P;XPAR;;1227.30;1216.13;1216.13297788;;;;;FRESG0000884;;;;;;ECB;TR4 Dividend Return;Indices;Points;50;1;365;0;
FRESG0000884;10-01-2025;;FRESG0000884;FR;GSCSG;EN Glob Sustain and Cl Screened GR;XPAR;;6002.18;5948.23;5948.22713646;;;;;FRESG0000876;;;0;;;ECB;TR1;Indices;;;;;0;
FRESG0000876;10-01-2025;;FRESG0000876;FR;GSCSP;EN Glob Sustain and Cl Screened;XPAR;1008249.59321576;6002.18;5948.23;5948.22713646;5997297590.69;3;EUR;1;;FRESG0000884;;;;;ECB;EU Price;Indices;;;;;0;
FRESG0000827;10-01-2025;;FRESG0000827;FR;PIWWG;Euronext Positive Impact Water World GR;XPAR;;4908.23;4876.75;4876.75309296;;;;;FRESG0000801;;;.25281494576114;;ES0144580Y14;ECB;TR1;Indices;;;;;0;
FRESG0000819;10-01-2025;;FRESG0000819;FR;PIWWN;Euronext Positive Impact Water World NR;XPAR;;4517.45;4488.42;4488.41999755;;;;;FRESG0000801;;;;.20478010606653;ES0144580Y14;ECB;TR1;Indices;;;;;0;
FRESG0000801;10-01-2025;;FRESG0000801;FR;PIWWP;Euronext Positive Impact Water World;XPAR;972425.096387572;3357.67;3335.88;3335.88288052;3243896231.62924729;275;EUR;1;;FRESG0000827;FRESG0000819;;;;ECB;EU Price;Indices;;;;;0;
FRESG0000736;10-01-2025;;FRESG0000736;FR;SGSWN;Euronext Social Goods and Services World NR;XPAR;;5048.67;5019.24;5019.24393181;;;;;FRESG0000710;;;;.15924161494824;CA8911605092 US4612021034;ECB;TR1;Indices;;;;;0;
FRESG0000728;10-01-2025;;FRESG0000728;FR;SGSWG;Euronext Social Goods and Services World GR;XPAR;;5454.75;5423.04;5423.04168414;;;;;FRESG0000710;;;.21396937385452;;CA8911605092 US4612021034;ECB;TR1;Indices;;;;;0;
FRESG0000710;10-01-2025;;FRESG0000710;FR;SGSWP;Euronext Social Goods and Services World;XPAR;999525.87229688;3791.31;3769.05;3769.05201923;3767265007.25756407;244;EUR;1;;FRESG0000728;FRESG0000736;;;;ECB;EU Price;Indices;;;;;0;
FRESG0000678;10-01-2025;;FRESG0000678;FR;EGSWN;Euronext Environmental Goods and Services World NR;XPAR;;3827.49;3785.43;3785.42800237;;;;;FRESG0000652;;;;.38273582352438;ES0144580Y14;ECB;TR1;Indices;;;;;0;
FRESG0000660;10-01-2025;;FRESG0000660;FR;EGSWG;Euronext Environmental Goods and Services World GR;XPAR;;4259.55;4212.89;4212.8919404;;;;;FRESG0000652;;;.47251336237578;;ES0144580Y14;ECB;TR1;Indices;;;;;0;
FRESG0000652;10-01-2025;;FRESG0000652;FR;EGSW;Euronext Environmental Goods and Services World;XPAR;976647.713579353;2636.92;2607.56;2607.56147751;2546668955.0235112;114;EUR;1;;FRESG0000660;FRESG0000678;;;;ECB;EU Price;Indices;;;;;0;
FRESG0000447;10-01-2025;;FRESG0000447;FR;EBST5;EN ESG Biodiv Screen Transatl 80 D 5%;XPAR;;2522.56;2496.22;2496.21819299;;;;;FRESG0000413;;;;;;ECB;TR4 Dividend Return;Indices;Percentage;.05;1;365;0;
FRESG0000439;10-01-2025;;FRESG0000439;FR;EBST4;EN ESG Biodiv Screen Transatl 80 D 4%;XPAR;;2931.77;2901.23;2901.2307817;;;;;FRESG0000413;;;;;;ECB;TR4 Dividend Return;Indices;Percentage;.04;1;365;0;
FRESG0000421;10-01-2025;;FRESG0000421;FR;EBSTG;EN ESG Biodiv Screen Transatl 80 GR;XPAR;;5883.87;5824.25;5824.25314428;;;;;FRESG0000405;;;2.68587081674454;;ES0144580Y14 US00206R1023 US4612021034 US57636Q1040 US68389X1054 US7433151039 US92343V1044;ECB;TR1;Indices;;;;;0;
FRESG0000413;10-01-2025;;FRESG0000413;FR;EBSTN;EN ESG Biodiv Screen Transatl 80 NR;XPAR;;5348.68;5293.56;5293.55821414;;;;;FRESG0000405;;;;1.97832094519082;ES0144580Y14 US00206R1023 US4612021034 US57636Q1040 US68389X1054 US7433151039 US92343V1044;ECB;TR1;Indices;;;;;0;
FRESG0000405;10-01-2025;;FRESG0000405;FR;EBSTP;EN ESG Biodiv Screen Transatl 80;XPAR;986573.889835234;4085.85;4041.77;4041.76832881;3987503101.96203118;80;EUR;1;;FRESG0000421;FRESG0000413;;;;ECB;EU Price;Indices;;;;;0;
FRESG0000363;10-01-2025;;FRESG0000363;FR;WCAMB;Euronext World Sustain and Climate Scr Decr 50 P;XPAR;;1346.60;1334.64;1334.63593697;;;;;FRESG0000355;;;;;;ECB;TR4 Dividend Return;Indices;Points;50;1;365;0;
FRESG0000355;10-01-2025;;FRESG0000355;FR;WCAMG;Euronext World Sustainable and Climate Screen GR;XPAR;;5715.03;5664.85;5664.84930491;;;;;FRESG0000348;;;0;;;ECB;TR1;Indices;;;;;0;
FRESG0000348;10-01-2025;;FRESG0000348;FR;WCAMP;Euronext World Sustainability and Climate Screened;XPAR;1008491.81100072;5715.03;5664.85;5664.84930491;5712954134.55;3;EUR;1;;FRESG0000355;;;;;ECB;EU Price;Indices;;;;;0;
FRESG0000298;10-01-2025;;FRESG0000298;FR;UC3EN;EN US Screened Climate Amb 35 EW NR EUR;XPAR;;8151.69;8061.3;8061.3034821;;;;;FRESG0000272;;;;.49835417124969;US57636Q1040 US68389X1054;ECB;TR1;Indices;;;;;0;
FRESG0000280;10-01-2025;;FRESG0000280;FR;UC3EG;EN US Screened Climate Amb 35 EW GR EUR;XPAR;;8987.64;8888.28;8888.28279671;;;;;FRESG0000272;;;.71193453035669;;US57636Q1040 US68389X1054;ECB;TR1;Indices;;;;;0;
FRESG0000272;10-01-2025;;FRESG0000272;FR;UC3PE;EN US Screened Climate Amb 35 EW EUR;XPAR;1003667.4081989;6480.83;6408.48;6408.47545446;6431977949.88813335;35;EUR;1;;FRESG0000280;FRESG0000298;;;;ECB;EU Price;Indices;;;;;0;
FRESG0000264;10-01-2025;;FRESG0000264;FR;USC3N;EN US Screened Climate Ambition 35 EW NR;XPAR;;5851.81;5758.83;5758.83196018;;;;;FRESG0000249;;;;.35793948134071;US57636Q1040 US68389X1054;WM ;TR1;Indices;;;;;0;
FRESG0000256;10-01-2025;;FRESG0000256;FR;USC3G;EN US Screened Climate Ambition 35 EW GR;XPAR;;6451.93;6349.63;6349.62763753;;;;;FRESG0000249;;;.51134211620101;;US57636Q1040 US68389X1054;WM ;TR1;Indices;;;;;0;
FRESG0000249;10-01-2025;;FRESG0000249;FR;USC3P;EN US Screened Climate Ambition 35 EW;XPAR;1003669.09695005;4652.33;4578.06;4578.05599288;4594853324.16;35;USD;1;;FRESG0000256;FRESG0000264;;;;WM ;EU Price;Indices;;;;;0;
FRESG0000173;10-01-2025;;FRESG0000173;FR;LC3WD;Euronext Low Carbon 300 World D3.5%;XPAR;;2692.43;2665.32;2665.32124508;;;;;FR0013522596;;;;;;ECB;TR4 Dividend Return;Indices;Percentage;.035;1;365;0;
FRESG0000165;10-01-2025;;FRESG0000165;FR;EBSNW;EN ESG Biodiversity Screened Wld NR USD;XPAR;;4016.53;3948.24;3948.24388039;;;;;FRESG0000140;;;;.63362663120076;CA25675T1075 CA8911605092 ES0144580Y14 US00206R1023 US4612021034 US5738741041 US57636Q1040 US68389X1054 US7433151039 US92343V1044;WM ;TR1;Indices;;;;;0;
FRESG0000157;10-01-2025;;FRESG0000157;FR;EBSGW;EN ESG Biodiversity Screened Wld GR USD;XPAR;;4365.91;4292.03;4292.02547525;;;;;FRESG0000140;;;.87596365926485;;CA25675T1075 CA8911605092 ES0144580Y14 US00206R1023 US4612021034 US5738741041 US57636Q1040 US68389X1054 US7433151039 US92343V1044;WM ;TR1;Indices;;;;;0;
FRESG0000140;10-01-2025;;FRESG0000140;FR;EBSPW;EN ESG Biodiversity Screened Wld USD;XPAR;10489257220.7843;3090.47;3037.3;3037.29798807;31858999853045.147590;500;USD;1;;FRESG0000157;FRESG0000165;;;;WM ;EU Price;Indices;;;;;0;
FRESG0000082;10-01-2025;;FRESG0000082;FR;EBSWG;EN ESG Biodiversity Screened World GR;XPAR;;6075.66;6001.98;6001.97807029;;;;;FRESG0000066;;;1.21854061211907;;CA25675T1075 CA8911605092 ES0144580Y14 US00206R1023 US4612021034 US5738741041 US57636Q1040 US68389X1054 US7433151039 US92343V1044;ECB;TR1;Indices;;;;;0;
FRESG0000074;10-01-2025;;FRESG0000074;FR;EBSWN;EN ESG Biodiversity Screened World NR;XPAR;;5589.58;5521.35;5521.35085205;;;;;FRESG0000066;;;;.88143974058382;CA25675T1075 CA8911605092 ES0144580Y14 US00206R1023 US4612021034 US5738741041 US57636Q1040 US68389X1054 US7433151039 US92343V1044;ECB;TR1;Indices;;;;;0;
FRESG0000066;10-01-2025;;FRESG0000066;FR;EBSWP;EN ESG Biodiversity Screened World;XPAR;7318277403.34336;4300.76;4247.38;4247.37711708;31083483979425.836713;500;EUR;1;;FRESG0000082;FRESG0000074;;;;ECB;EU Price;Indices;;;;;0;
FRESG0000033;10-01-2025;;FRESG0000033;FR;GHCD5;Euronext Global Health Care 50 EW ESG Decrement 5%;XPAR;;3011.58;2996.17;2996.16697102;;;;;FRESG0000017;;;;;;ECB;TR4 Dividend Return;Indices;Percentage;.05;1;365;0;
FRESG0000025;10-01-2025;;FRESG0000025;FR;GHCGR;Euronext Global Health Care 50 EW ESG GR;XPAR;;6774.56;6740.82;6740.82234826;;;;;FRESG0000009;;;0;;;ECB;TR1;Indices;;;;;0;
FRESG0000017;10-01-2025;;FRESG0000017;FR;GHCNR;Euronext Global Health Care 50 EW ESG NR;XPAR;;6385.13;6353.33;6353.33461151;;;;;FRESG0000009;;;;0;;ECB;TR1;Indices;;;;;0;
FRESG0000009;10-01-2025;;FRESG0000009;FR;GHCPR;Euronext Global Health Care 50 EW ESG;XPAR;1012534.99904373;5314.37;5287.91;5287.90986998;5354193815.14498832;50;EUR;1;;FRESG0000025;FRESG0000017;;;;ECB;EU Price;Indices;;;;;0;
FRCLIM000395;10-01-2025;;FRCLIM000395;FR;PT4D4;Euronext PAB Transatlantic 40 D4%;XPAR;;4609.16;4567.65;4567.65066175;;;;;FRCLIM000312;;;;;;ECB;TR4 Dividend Return;Indices;Percentage;.04;1;365;0;
FRCLIM000346;10-01-2025;;FRCLIM000346;FR;PT450;Euronext PAB Transatlantic 40 D50 Points;XPAR;;928.59;920.28;920.27734523;;;;;FRCLIM000320;;;;;;ECB;TR4 Dividend Return;Indices;Points;50;1;365;0;
FRCLIM000338;10-01-2025;;FRCLIM000338;FR;PT4D5;Euronext PAB Transatlantic 40 D5%;XPAR;;3808.16;3773.76;3773.76459164;;;;;FRCLIM000312;;;;;;ECB;TR4 Dividend Return;Indices;Percentage;.05;1;365;0;
FRCLIM000320;10-01-2025;;FRCLIM000320;FR;PBT4G;Euronext PAB Transatlantic 40 GR;XPAR;;11161.10;11062.87;11062.86733879;;;;;FRCLIM000304;;;3.40283845637998;;ES0144580Y14 US57636Q1040;ECB;TR1;Indices;;;;;0;
FRCLIM000312;10-01-2025;;FRCLIM000312;FR;PBT4N;Euronext PAB Transatlantic 40 NR;XPAR;;9869.70;9781.9;9781.90066089;;;;;FRCLIM000304;;;;2.73798626661707;ES0144580Y14 US57636Q1040;ECB;TR1;Indices;;;;;0;
FRCLIM000304;10-01-2025;;FRCLIM000304;FR;PBT4P;Euronext PAB Transatlantic 40;XPAR;993967.433709459;6983.89;6919.02;6919.01795605;6877278521.56154357;40;EUR;1;;FRCLIM000320;FRCLIM000312;;;;ECB;EU Price;Indices;;;;;0;
FRCLIM000296;10-01-2025;;FRCLIM000296;FR;PBT50;Euronext PAB Transatlantic 60 D50;XPAR;;923.37;912.91;912.91213018;;;;;FRCLIM000270;;;;;;ECB;TR4 Dividend Return;Indices;Points;50;1;365;0;
FRCLIM000288;10-01-2025;;FRCLIM000288;FR;PBT5D;Euronext PAB Transatlantic 60 D5%;XPAR;;3898.03;3853.64;3853.63623996;;;;;FRCLIM000262;;;;;;ECB;TR4 Dividend Return;Indices;Percentage;.05;1;365;0;
FRCLIM000270;10-01-2025;;FRCLIM000270;FR;PBTAG;Euronext PAB Transatlantic 60 GR;XPAR;;9107.47;9005.64;9005.6416106;;;;;FRCLIM000254;;;2.21359800903469;;ES0144580Y14 US4612021034 US57636Q1040 US68389X1054 US92343V1044;ECB;TR1;Indices;;;;;0;
FRCLIM000262;10-01-2025;;FRCLIM000262;FR;PBTAN;Euronext PAB Transatlantic 60 NR;XPAR;;8264.64;8171.65;8171.64926319;;;;;FRCLIM000254;;;;1.76521983093257;ES0144580Y14 US4612021034 US57636Q1040 US68389X1054 US92343V1044;ECB;TR1;Indices;;;;;0;
FRCLIM000254;10-01-2025;;FRCLIM000254;FR;PBTAP;Euronext PAB Transatlantic 60;XPAR;1002232.21079339;6316.53;6243.69;6243.69427378;6257631515.53082604;60;EUR;1;;FRCLIM000270;FRCLIM000262;;;;ECB;EU Price;Indices;;;;;0;
FRCLIM000221;10-01-2025;;FRCLIM000221;FR;PABTG;Euronext PAB Transatlantic 50 GR;XPAR;;6196.28;6135.56;6135.5551347;;;;;FRCLIM000205;;;.12011028421634;;US57636Q1040;ECB;TR1;Indices;;;;;0;
FRCLIM000213;10-01-2025;;FRCLIM000213;FR;PABTN;Euronext PAB Transatlantic 50 NR;XPAR;;5515.78;5461.68;5461.67630996;;;;;FRCLIM000205;;;;.08407719895143;US57636Q1040;ECB;TR1;Indices;;;;;0;
FRCLIM000205;10-01-2025;;FRCLIM000205;FR;PABTP;Euronext PAB Transatlantic 50;XPAR;1009068.75174109;4025.97;3986.39;3986.39494426;4022546570.34728288;50;EUR;1;;FRCLIM000221;FRCLIM000213;;;;ECB;EU Price;Indices;;;;;0;
FRCLIM000197;10-01-2025;;FRCLIM000197;FR;GSCDG;EN Global Sust and Cl Screened DR GR;XPAR;;6372.95;6315.59;6315.59452582;;;;;FRCLIM000189;;;0;;;ECB;TR1;Indices;;;;;0;
FRCLIM000189;10-01-2025;;FRCLIM000189;FR;GSCDP;EN Global Sust and Cl Screened DR;XPAR;1000000;6372.95;6315.59;6315.59452582;6315594525.82442376;3;EUR;1;;FRCLIM000197;;;;;ECB;EU Price;Indices;;;;;0;
FRCLIM000171;10-01-2025;;FRCLIM000171;FR;PABU5;Euronext PAB North America 50 Decrement 5%;XPAR;;3336.26;3302.31;3302.3067138;;;;;FRCLIM000155;;;;;;ECB;TR4 Dividend Return;Indices;Percentage;.05;1;365;0;
FRCLIM000163;10-01-2025;;FRCLIM000163;FR;PABUG;Euronext PAB North America 50 GR;XPAR;;7907.14;7828.11;7828.11355958;;;;;FRCLIM000148;;;.83847166711271;;US4612021034 US57636Q1040 US68389X1054 US92343V1044;ECB;TR1;Indices;;;;;0;
FRCLIM000155;10-01-2025;;FRCLIM000155;FR;PABUN;Euronext PAB North America 50 NR;XPAR;;7073.16;7002.14;7002.14354202;;;;;FRCLIM000148;;;;.58693016697889;US4612021034 US57636Q1040 US68389X1054 US92343V1044;ECB;TR1;Indices;;;;;0;
FRCLIM000148;10-01-2025;;FRCLIM000148;FR;PABUP;Euronext PAB North America 50;XPAR;989862.177443171;5446.75;5391.48;5391.47582421;5336817998.9817017;50;EUR;1;;FRCLIM000163;FRCLIM000155;;;;ECB;EU Price;Indices;;;;;0;
FRCLIM000130;10-01-2025;;FRCLIM000130;FR;TPAB5;EN Transatlantic PAB 50 Decrement 5%;XPAR;;4585.51;4528.01;4528.01355459;;;;;FRCLIM000114;;;;;;ECB;TR4 Dividend Return;Indices;Percentage;.05;1;365;0;
FRCLIM000122;10-01-2025;;FRCLIM000122;FR;TPABG;EN Transatlantic PAB 50 GR;XPAR;;10670.14;10537.95;10537.94653691;;;;;FRCLIM000106;;;.34245748033637;;US4612021034 US68389X1054 US92343V1044;ECB;TR1;Indices;;;;;0;
FRCLIM000114;10-01-2025;;FRCLIM000114;FR;TPABN;EN Transatlantic PAB 50 NR;XPAR;;9720.90;9600.33;9600.33262497;;;;;FRCLIM000106;;;;.23972023623546;US4612021034 US68389X1054 US92343V1044;ECB;TR1;Indices;;;;;0;
FRCLIM000106;10-01-2025;;FRCLIM000106;FR;TPABP;EN Transatlantic PAB 50;XPAR;997513.888085242;7550.52;7456.63;7456.63018733;7438092170.17305671;50;EUR;1;;FRCLIM000122;FRCLIM000114;;;;ECB;EU Price;Indices;;;;;0;
FRCLIM000056;10-01-2025;;FRCLIM000056;FR;PFLCW;EN Low Carbon 300 World PAB Proforma;XPAR;480336.942218186;3497.89;3464.08;3464.07532247;1663923348.00639101;298;EUR;1;;;;;;;ECB;EU Price;Indices;;;;;0;
DUMMY00000US;10-01-2025;;DUMMY00000US;NL;DUMUS;DUMMY INDEX US;XAMS;10000;81.42;80.12;80.11881283;801188.12830297;944;EUR;1;;;;;;;ECB;EU Price;Indices;;;;;0;
DUMMY00DUUSC;10-01-2025;;DUMMY00DUUSC;NL;DUUSC;DUMMY INDEX USD;XAMS;1.2330092130565;1322.75;1302.65;1302.64519808;1606.17353058;24;USD;1;;;;;;;WM ;EU Price;Indices;;;;;0;
